name_account,password,email
name001,password001,email001@mail.ru
name002,password002,email002@mail.ru
name003,password003,email003@mail.ru
name004,password004,email004@mail.ru
name005,password005,email005@mail.ru
name006,password006,email006@mail.ru
name007,password007,email007@mail.ru
name008,password008,email008@mail.ru
name009,password009,email009@mail.ru
name010,password010,email010@mail.ru
name011,password011,email011@mail.ru
name012,password012,email012@mail.ru
name013,password013,email013@mail.ru
name014,password014,email014@mail.ru
name015,password015,email015@mail.ru
name016,password016,email016@mail.ru
name017,password017,email017@mail.ru
name018,password018,email018@mail.ru
name019,password019,email019@mail.ru
name020,password020,email020@mail.ru
name021,password021,email021@mail.ru
name022,password022,email022@mail.ru
name023,password023,email023@mail.ru
name024,password024,email024@mail.ru
name025,password025,email025@mail.ru
name026,password026,email026@mail.ru
name027,password027,email027@mail.ru
name028,password028,email028@mail.ru
name029,password029,email029@mail.ru
name030,password030,email030@mail.ru
name031,password031,email031@mail.ru
name032,password032,email032@mail.ru
name033,password033,email033@mail.ru
name034,password034,email034@mail.ru
name035,password035,email035@mail.ru
name036,password036,email036@mail.ru
name037,password037,email037@mail.ru
name038,password038,email038@mail.ru
name039,password039,email039@mail.ru
name040,password040,email040@mail.ru
name041,password041,email041@mail.ru
name042,password042,email042@mail.ru
name043,password043,email043@mail.ru
name044,password044,email044@mail.ru
name045,password045,email045@mail.ru
name046,password046,email046@mail.ru
name047,password047,email047@mail.ru
name048,password048,email048@mail.ru
name049,password049,email049@mail.ru
name050,password050,email050@mail.ru
name051,password051,email051@mail.ru
name052,password052,email052@mail.ru
name053,password053,email053@mail.ru
name054,password054,email054@mail.ru
name055,password055,email055@mail.ru
name056,password056,email056@mail.ru
name057,password057,email057@mail.ru
name058,password058,email058@mail.ru
name059,password059,email059@mail.ru
name060,password060,email060@mail.ru
name061,password061,email061@mail.ru
name062,password062,email062@mail.ru
name063,password063,email063@mail.ru
name064,password064,email064@mail.ru
name065,password065,email065@mail.ru
name066,password066,email066@mail.ru
name067,password067,email067@mail.ru
name068,password068,email068@mail.ru
name069,password069,email069@mail.ru
name070,password070,email070@mail.ru
name071,password071,email071@mail.ru
name072,password072,email072@mail.ru
name073,password073,email073@mail.ru
name074,password074,email074@mail.ru
name075,password075,email075@mail.ru
name076,password076,email076@mail.ru
name077,password077,email077@mail.ru
name078,password078,email078@mail.ru
name079,password079,email079@mail.ru
name080,password080,email080@mail.ru
name081,password081,email081@mail.ru
name082,password082,email082@mail.ru
name083,password083,email083@mail.ru
name084,password084,email084@mail.ru
name085,password085,email085@mail.ru
name086,password086,email086@mail.ru
name087,password087,email087@mail.ru
name088,password088,email088@mail.ru
name089,password089,email089@mail.ru
name090,password090,email090@mail.ru
name091,password091,email091@mail.ru
name092,password092,email092@mail.ru
name093,password093,email093@mail.ru
name094,password094,email094@mail.ru
name095,password095,email095@mail.ru
name096,password096,email096@mail.ru
name097,password097,email097@mail.ru
name098,password098,email098@mail.ru
name099,password099,email099@mail.ru
name100,password100,email100@mail.ru
